One way ANOVA and TukeyHSD Posthoc Results of Site and Univariate Metrics at TP0,,,,,,,,
,AFDW (mg/cm2),Host Protein (ug/cm2),Sym Dens (cells/cm2),Total CHL (ug/cm2),Total CHL  (ug/cell),Am,AQY,Rd
ANOVA p-value,0.00133,0.0001954,0.05101,4.62E-06,0.0003467,0.009624,0.1476,0.0003722
site1-nursery,0.0015647,0.0003669,0.0522545,0.0000034,0.0002409,0.0214922,0.1836151,0.0011818
site2-nursery,0.0522102,0.0060748,0.3596286,0.0203651,0.3401667,0.0492429,0.3867718,0.0040637
site2-site1,0.3091609,0.4402697,0.6112591,0.0023189,0.0140271,0.9301011,0.9098575,0.8497979
